{
  "IsEncrypted": false,
  "Values": {
    "FUNCTIONS_EXTENSION_VERSION": "beta",
    "ScmType": "None",
    "WEBSITE_AUTH_ENABLED": "False",
    "AzureWebJobsDashboard": "DefaultEndpointsProtocol=https;AccountName=cs7bda3e95593c7x46c0xa15;AccountKey=pd6vBmbMpGygftaYMhLQz3Ross0WJ8ws5dCeinY8ji4pWF+dyiFf/RCDvGrT8OLNXA/W7XeQEgT6kzTQtj1iVA==",
    "WEBSITE_RUN_FROM_ZIP": "1",
    "WEBSITE_CONTENTAZUREFILECONNECTIONSTRING": "DefaultEndpointsProtocol=https;AccountName=cs7bda3e95593c7x46c0xa15;AccountKey=pd6vBmbMpGygftaYMhLQz3Ross0WJ8ws5dCeinY8ji4pWF+dyiFf/RCDvGrT8OLNXA/W7XeQEgT6kzTQtj1iVA==",
    "WEBSITE_CONTENTSHARE": "products20180830053348",
    "WEBSITE_SITE_NAME": "Products20180830053348",
    "WEBSITE_SLOT_NAME": "Production",
    "AzureWebJobsStorage": "DefaultEndpointsProtocol=https;AccountName=cs7bda3e95593c7x46c0xa15;AccountKey=pd6vBmbMpGygftaYMhLQz3Ross0WJ8ws5dCeinY8ji4pWF+dyiFf/RCDvGrT8OLNXA/W7XeQEgT6kzTQtj1iVA=="
  }
}